m,n,k,Minimax Time,Minimax Nodes,Pruning Time,Pruning Nodes
3,3,3,0.09007s,16168,0.06496s,4831
3,4,3,0.32487s,391063,0.08195s,21424
4,3,3,0.32808s,391063,0.06507s,4826
4,4,3,19.34948s,23453345,0.19614s,109947
3,5,3,6.67989s,8813674,0.30503s,240464
4,5,3,>300s,N/A,2.73347s,2434836
4,4,4,45.99238s,51562425,1.47542s,1217171
5,4,4,>300s,N/A,153.09543s,103314738
