m,n,k,Memo Time,Memo Nodes,NoMemo Time,NoMemo Nodes,Pruning Time,Pruning Nodes
3,3,3,0.07301s,16168,0.65823s,549946,0.08058s,18297
3,4,3,0.34567s,391063,>100s,N/A,0.18935s,75266
4,3,3,0.39619s,391063,>100s,N/A,0.11013s,30936
4,4,3,20.73940s,23453345,>100s,N/A,1.09564s,947128
3,5,3,7.14333s,8813674,>100s,N/A,2.07480s,1755917
4,5,3,>100s,N/A,>100s,N/A,41.39088s,37063008
4,4,4,44.79307s,51562425,>100s,N/A,>100s,N/A
5,4,4,>100s,N/A,>100s,N/A,>100s,N/A
